stat,value
Min.,70.55
1st Qu.,238.05
Median,336.6
Mean,431.1953276885397
3rd Qu.,562.666666675
Max.,2187.945
NA's,64
