Marginal_R2,Conditional_R2
0.21689144867382124,0.3967544662452713
