grp,var1,var2,vcov,sdcor
Participant_ID,(Intercept),NA,0.07664528840246058,0.27684885479709065
Residual,NA,NA,0.2570618937478916,0.5070127155682504
