stat,value
Min.,1
1st Qu.,4.083333333333333
Median,5.25
Mean,5.021272855133614
3rd Qu.,6.25
Max.,7
