Marginal_R2,Conditional_R2
0.3953811312512188,0.7939752784116152
