grp,var1,var2,vcov,sdcor
Participant_ID,(Intercept),NA,4.141831618238194,2.0351490407923922
Participant_ID,Auditory_Factor1,NA,1.220575198883692,1.1047964513355806
Participant_ID,Haptic_Factor1,NA,0.31913279471742606,0.564918396511767
Participant_ID,(Intercept),Auditory_Factor1,0.6539696624998789,0.2908567263949594
Participant_ID,(Intercept),Haptic_Factor1,-0.060654220236094035,-0.05275687790625134
Participant_ID,Auditory_Factor1,Haptic_Factor1,0.2920608485367044,0.46795636019010867
Residual,NA,NA,2.9302155183152525,1.7117872292768317
