term,sumsq,meansq,df,DenDF,statistic,p.value,dfd
Visual_Factor,17.54775064558607,5.849250215195357,3,370.71337710120866,1.9961843006545894,0.11413340490256049,370.71337710120866
Auditory_Factor,250.8238982188139,250.8238982188139,1,28.849199864028204,85.59912970600429,3.924445519711768e-10,28.849199864028204
Haptic_Factor,205.8224276621685,205.8224276621685,1,29.187229327400182,70.2413956842695,2.930991044472845e-9,29.187229327400182
Visual_Factor:Auditory_Factor,33.195556983016004,11.065185661005335,3,370.70564119448426,3.776236113638269,0.010821002531010704,370.70564119448426
Visual_Factor:Haptic_Factor,3.4980339714336925,1.1660113238112308,3,370.7218298268403,0.3979268134111982,0.754571441643756,370.7218298268403
Auditory_Factor:Haptic_Factor,152.84093436889157,152.84093436889157,1,370.97683073155224,52.16030473306909,2.9232235925655836e-12,370.97683073155224
Visual_Factor:Auditory_Factor:Haptic_Factor,10.045710562861021,3.34857018762034,3,370.70451485791847,1.1427726618367047,0.3316666646226304,370.70451485791847
