stat,value
Min.,0.493509
1st Qu.,0.7335867
Median,0.8536442
Mean,0.9028993200782807
3rd Qu.,1.027038
Max.,1.68061
