term,power,lower,upper,nsim
Visual_Factor,1,0.9963179161031344,1,1000
Auditory_Factor,1,0.9963179161031344,1,1000
Haptic_Factor,1,0.9963179161031344,1,1000
Visual_Factor:Auditory_Factor,0.323,0.29407393674796,0.3529723647638404,1000
Visual_Factor:Haptic_Factor,1,0.9963179161031344,1,1000
Auditory_Factor:Haptic_Factor,0.805,0.7790603746073284,0.8291295709770186,1000
Visual_Factor:Auditory_Factor:Haptic_Factor,0.269,0.24172923945190328,0.2976379031771549,1000
