term,sumsq,meansq,df,DenDF,statistic,p.value,dfd
Visual_Factor,11.670503461748334,3.890167820582778,3,372.02991651273567,15.133195215615984,2.5931600378090566e-9,372.02991651273567
Auditory_Factor,12.928997421304679,12.928997421304679,1,374.79568016407507,50.29527026664068,6.633592437758628e-12,374.79568016407507
Haptic_Factor,0.9919893689467325,0.9919893689467325,1,372.77674433590977,3.8589514551682504,0.050223750317607986,372.77674433590977
Visual_Factor:Auditory_Factor,8.085957630135656,2.695319210045219,3,372.97203821234325,10.485098241315377,1.2290680184528984e-6,372.97203821234325
Visual_Factor:Haptic_Factor,0.9944839166194537,0.3314946388731512,3,372.9736272556268,1.2895518430991488,0.27768101827315,372.9736272556268
Auditory_Factor:Haptic_Factor,0.003256584540806641,0.003256584540806641,1,373.94183085463993,0.012668484205599418,0.9104442655348665,373.94183085463993
Visual_Factor:Auditory_Factor:Haptic_Factor,1.2349997781107995,0.41166659270359984,3,373.03622130414726,1.6014298607297033,0.18863385316145007,373.03622130414726
