term,sumsq,meansq,df,DenDF,statistic,p.value,dfd
Visual_Factor,0.3201296619359948,0.10670988731199826,3,2128.6441410746015,3.6766002480637883,0.011704775705618193,2128.6441410746015
Auditory_Factor,3.027485361602493,3.027485361602493,1,29.014691071560765,104.30948538941695,4.0577150738566065e-11,29.014691071560765
Haptic_Factor,1.1695025432244945,1.1695025432244945,1,28.072379412749356,40.29423560310467,7.13291603104907e-7,28.072379412749356
Visual_Factor:Auditory_Factor,0.049760573388115306,0.016586857796038437,3,2130.6336802740116,0.5714863638569024,0.6337877028803061,2130.6336802740116
Visual_Factor:Haptic_Factor,1.4011415553682347,0.4670471851227449,3,2130.4094873405957,16.091721582079725,2.4099098684627246e-10,2130.4094873405957
Auditory_Factor:Haptic_Factor,0.256848573414515,0.256848573414515,1,2151.789734794668,8.849503570082556,0.002964312897279259,2151.789734794668
Visual_Factor:Auditory_Factor:Haptic_Factor,0.08707959912032326,0.02902653304010775,3,2131.133053069405,1.0000850086521702,0.3918027813937925,2131.133053069405
