Marginal_R2,Conditional_R2
0.21530864846380884,0.6821856160323706
