stat,value
Min.,2.5004106
1st Qu.,3.15897519075
Median,3.43741274335
Mean,3.4852108128549224
3rd Qu.,3.758102224
Max.,4.726812900000001
NA's,64
