effect,df,stat,p_value,method
Visual_Factor:Auditory_Factor:Haptic_Factor,3,1.3423604978542016,0.7190995708518956,LRT
Visual_Factor:Auditory_Factor,6,23.83070312676432,5.610568222554732e-4,LRT
Visual_Factor:Haptic_Factor,6,4.760941872541707,0.5748192596147736,LRT
Auditory_Factor:Haptic_Factor,4,1.762714557005097,0.7792964094901965,LRT
