Marginal_R2,Conditional_R2
0.06853778539314162,0.7170830720345511
