grp,var1,var2,vcov,sdcor
Participant_ID,(Intercept),NA,0.010931295510584093,0.10455283597580743
Residual,NA,NA,0.0047685930469909465,0.06905500015922776
