term,sumsq,meansq,df,DenDF,statistic,p.value,dfd
Visual_Factor,8401.604505546691,2800.5348351822304,3,365.81086947010886,1.9892604846876416,0.11518141587581132,365.81086947010886
Auditory_Factor,269099.448418982,269099.448418982,1,27.315236078100558,191.1452385687924,7.486584495628186e-14,27.315236078100558
Haptic_Factor,146247.5437216795,146247.5437216795,1,29.61515033737208,103.88175003337705,3.385519810720777e-11,29.61515033737208
Visual_Factor:Auditory_Factor,12365.733454389003,4121.911151463001,3,365.8108694774072,2.927853234314488,0.03368519230043108,365.8108694774072
Visual_Factor:Haptic_Factor,5094.552171539252,1698.1840571797509,3,365.69186771190687,1.2062447494799338,0.30728966326155494,365.69186771190687
Auditory_Factor:Haptic_Factor,33971.04809744829,33971.04809744829,1,375.2372470085101,24.130127843698087,1.3469119284517236e-6,375.2372470085101
Visual_Factor:Auditory_Factor:Haptic_Factor,5129.18179351757,1709.7272645058567,3,365.69186774733714,1.2144440569521742,0.304257886760743,365.69186774733714
