Marginal_R2,Conditional_R2
0.511159473477625,0.654155526334526
