term,sumsq,meansq,df,DenDF,statistic,p.value,dfd
Visual_Factor,20.797146936384777,6.932382312128259,3,376.9999970653456,0.9747120411600204,0.4046458330549013,376.9999970653456
Auditory_Factor,351.53369108265326,351.53369108265326,1,29.000001370938456,49.426604902073905,9.872221631018519e-8,29.000001370938456
Haptic_Factor,568.9514843523878,568.9514843523878,1,28.999999339916698,79.99614528816817,7.789883404038137e-10,28.999999339916698
Visual_Factor:Auditory_Factor,36.14137974834688,12.047126582782294,3,376.9999970653456,1.6938591688853208,0.16786289784122915,376.9999970653456
Visual_Factor:Haptic_Factor,7.623208738055705,2.541069579351902,3,376.9999970653456,0.3572813796040253,0.7838999286373632,376.9999970653456
Auditory_Factor:Haptic_Factor,210.44497560017828,210.44497560017828,1,376.99999706321967,29.589143022342505,9.62563880880257e-8,376.99999706321967
Visual_Factor:Auditory_Factor:Haptic_Factor,7.873012137846174,2.624337379282058,3,376.9999970653456,0.3689890615492107,0.775430577528889,376.9999970653456
