stat,value
Min.,72.3
1st Qu.,92.08999999999999
Median,95.785
Mean,93.911104359704
3rd Qu.,97.30499999999999
Max.,99.45
