Marginal_R2,Conditional_R2
0.1804562549580595,0.5295156274537126
