term,sumsq,meansq,df,DenDF,statistic,p.value,dfd
Visual_Factor,0.18100272448638893,0.06033424149546297,3,371.0806548514729,12.652419885889566,6.836061614838279e-8,371.0806548514729
Auditory_Factor,0.1396288800058177,0.1396288800058177,1,371.5536064210923,29.280938555644962,1.124561330812515e-7,371.5536064210923
Haptic_Factor,0.005060641314695124,0.005060641314695124,1,371.15870771127334,1.0612441164146864,0.30360243299017753,371.15870771127334
Visual_Factor:Auditory_Factor,0.10657096184192687,0.035523653947308956,3,371.2497649301573,7.449504203283799,7.421100793361259e-5,371.2497649301573
Visual_Factor:Haptic_Factor,0.01603438820603265,0.0053447960686775495,3,371.15026932744684,1.1208329199008071,0.3404897350278779,371.15026932744684
Auditory_Factor:Haptic_Factor,0.0018644213373133396,0.0018644213373133396,1,371.4242460067931,0.39097933477251057,0.5321690449124052,371.4242460067931
Visual_Factor:Auditory_Factor:Haptic_Factor,0.006163101354080434,0.0020543671180268115,3,371.18475954127484,0.4308120021529511,0.7310510673272144,371.18475954127484
