term,sumsq,meansq,df,DenDF,statistic,p.value,dfd
Visual_Factor,1.3757276408144015,0.4585758802714672,3,405.9999957742128,1.4564122139657203,0.2259497912548563,405.9999957742128
Auditory_Factor,15.415545444774695,15.415545444774695,1,29.00000207686328,48.95893926523729,1.0783799412472575e-7,29.00000207686328
Haptic_Factor,6.231372933739471,6.231372933739471,1,405.9999957756183,19.790503689598975,1.1173011817348254e-5,405.9999957756183
Visual_Factor:Auditory_Factor,4.944343067956154,1.6481143559853848,3,405.9999957742128,5.234322129302603,0.0014866684800074292,405.9999957742128
Visual_Factor:Haptic_Factor,1.7524250196051017,0.5841416732017005,3,405.9999957742128,1.8552023866447194,0.13658389043471203,405.9999957742128
Auditory_Factor:Haptic_Factor,6.799713459050251,6.799713459050251,1,405.9999957756183,21.595522484447734,4.557058656112571e-6,405.9999957756183
Visual_Factor:Auditory_Factor:Haptic_Factor,4.871633189103888,1.623877729701296,3,405.9999957742128,5.157347913989374,0.0016510283818571142,405.9999957742128
